2025-09-26 19:52:07,0
2025-09-26 19:52:12,0
2025-09-26 19:52:17,0
2025-09-26 19:52:22,0
2025-09-26 19:52:27,0
2025-09-26 19:52:32,0
2025-09-26 19:52:37,0
2025-09-26 19:52:42,0
2025-09-26 19:52:47,0
2025-09-26 19:52:52,0
2025-09-26 19:52:57,0
2025-09-26 19:53:02,0
2025-09-26 19:53:07,0
2025-09-26 19:53:12,0
2025-09-26 19:53:18,0
2025-09-26 19:53:23,0
2025-09-26 19:53:28,0
2025-09-26 19:53:33,0
2025-09-26 19:53:38,0
2025-09-26 19:53:43,0
2025-09-26 19:53:48,0
2025-09-27 13:51:31,0
2025-09-27 13:51:37,0
2025-09-27 13:51:42,0
2025-09-27 13:51:47,0
2025-09-27 13:51:53,0
2025-09-27 13:51:59,0
2025-09-27 14:06:19,0
2025-09-27 14:06:25,0
2025-09-27 14:06:30,0
2025-09-27 14:06:35,0
2025-09-27 14:06:40,0
2025-09-27 14:06:46,0
2025-09-27 14:06:51,0
2025-09-27 14:07:09,0
2025-09-27 14:07:14,1
2025-09-27 14:07:19,0
2025-09-27 14:07:24,0
2025-09-27 14:07:29,0
2025-09-27 14:07:34,0
2025-09-27 14:07:39,0
2025-09-27 14:07:44,0
2025-09-27 14:07:49,1
2025-09-27 14:07:54,0
2025-09-27 14:07:59,0
2025-09-27 14:08:05,0
2025-09-27 14:08:10,0
2025-09-27 14:08:15,1
2025-09-27 14:08:20,0
2025-09-27 14:08:25,2
2025-09-27 14:08:30,0
2025-09-27 14:08:35,4
2025-09-27 14:08:40,3
2025-09-27 14:08:45,2
2025-09-27 14:08:50,3
2025-09-27 14:08:56,0
2025-09-27 14:09:01,1
2025-09-27 14:09:06,0
2025-09-27 14:09:11,2
2025-09-27 14:09:16,0
2025-09-27 14:09:21,1
2025-09-27 14:09:26,1
2025-09-27 14:09:32,0
2025-09-27 14:09:37,1
2025-09-27 14:09:42,1
2025-09-27 14:09:47,6
2025-09-27 14:09:52,3
2025-09-27 14:09:57,3
2025-09-27 14:10:02,3
2025-09-27 14:10:07,3
2025-09-27 14:10:12,4
2025-09-27 14:10:17,2
2025-09-27 14:10:22,1
2025-09-27 14:10:27,2
2025-09-27 14:10:32,5
2025-09-27 14:10:37,2
2025-09-27 14:10:43,3
2025-09-27 14:10:48,0
2025-09-27 14:10:53,1
2025-09-27 14:10:58,2
2025-09-27 14:11:03,2
2025-09-27 14:11:08,3
2025-09-27 14:11:13,4
2025-09-27 14:11:18,5
2025-09-27 14:11:23,4
2025-09-27 14:11:28,3
2025-09-27 14:11:34,3
2025-09-27 14:11:39,4
2025-09-27 14:11:44,4
2025-09-27 14:11:49,5
2025-09-27 14:11:55,2
2025-09-27 14:12:00,3
2025-09-27 14:12:05,6
2025-09-27 14:12:10,6
2025-09-27 14:12:15,7
2025-09-27 14:12:20,6
2025-09-27 14:12:25,7
2025-09-27 14:12:30,7
2025-09-27 14:12:35,6
2025-09-27 14:12:41,3
2025-09-27 14:12:46,4
2025-09-27 14:12:51,2
2025-09-27 14:12:56,1
2025-09-27 14:13:01,3
2025-09-27 14:13:06,3
2025-09-27 14:13:11,1
2025-09-27 14:13:16,1
2025-09-27 14:13:21,0
2025-09-27 14:13:26,2
2025-09-27 14:13:31,1
2025-09-27 14:13:37,1
2025-09-27 14:13:42,0
2025-09-27 14:13:47,1
2025-09-27 14:13:52,1
2025-09-27 14:13:57,1
2025-09-27 14:14:02,1
2025-09-27 14:14:07,1
2025-09-27 14:14:12,1
2025-09-27 14:14:17,4
2025-09-27 14:14:22,1
2025-09-27 14:14:28,2
2025-09-27 14:14:33,3
2025-09-27 14:14:38,2
2025-09-27 14:14:43,2
2025-09-27 14:14:48,4
2025-09-27 14:14:53,2
2025-09-27 14:14:59,3
2025-09-27 14:15:04,2
2025-09-27 14:15:09,1
2025-09-27 14:15:14,1
2025-09-27 14:15:19,1
2025-09-27 14:15:24,1
2025-09-27 14:15:29,1
2025-09-27 14:15:34,0
2025-09-27 14:15:39,0
2025-09-27 14:15:45,0
2025-09-27 14:15:50,0
2025-09-27 14:15:55,0
2025-09-27 14:16:00,0
2025-09-27 14:16:05,0
2025-09-27 14:16:10,0
2025-09-27 14:16:15,2
2025-09-27 14:16:21,0
2025-09-27 14:16:26,0
2025-09-27 14:16:31,0
2025-09-27 14:16:36,0
2025-09-27 14:16:41,0
2025-09-27 14:16:46,2
2025-09-27 14:16:51,0
2025-09-27 14:16:56,2
2025-09-27 14:17:01,3
2025-09-27 14:17:06,2
2025-09-27 14:17:11,2
2025-09-27 14:17:17,1
2025-09-27 14:17:22,0
2025-09-27 14:17:27,1
2025-09-27 14:17:32,1
2025-09-27 14:17:38,1
2025-09-27 14:17:43,0
2025-09-27 14:17:48,2
2025-09-27 14:17:53,1
2025-09-27 14:17:58,1
2025-09-27 14:18:03,1
2025-09-27 14:18:08,1
2025-09-27 14:18:13,1
2025-09-27 14:18:18,1
2025-09-27 14:18:23,0
2025-09-27 14:18:29,0
2025-09-27 14:18:34,0
2025-09-27 14:18:39,0
2025-09-27 14:18:44,0
2025-09-27 14:18:49,1
2025-09-27 14:18:54,0
2025-09-27 14:18:59,0
2025-09-27 14:19:04,0
2025-09-27 14:19:09,0
2025-09-27 14:19:14,1
2025-09-27 14:19:20,0
2025-09-27 14:19:25,2
2025-09-27 14:19:30,0
2025-09-27 14:19:35,3
2025-09-27 14:19:40,1
2025-09-27 14:19:45,0
2025-09-27 14:19:51,0
2025-09-27 14:19:56,0
2025-09-27 14:20:01,1
2025-09-27 14:20:06,0
2025-09-27 14:20:11,0
2025-09-27 14:20:16,0
2025-09-27 14:20:22,0
2025-09-27 14:20:27,0
2025-09-27 14:20:32,0
2025-09-27 14:20:37,0
2025-09-27 14:20:42,0
2025-09-27 14:20:47,0
2025-09-27 14:20:52,0
2025-09-27 14:20:57,0
2025-09-27 14:21:03,0
2025-09-27 14:21:08,1
2025-09-27 14:21:13,0
2025-09-27 14:21:18,0
2025-09-27 14:21:23,0
2025-09-27 14:21:28,0
2025-09-27 14:21:34,1
2025-09-27 14:21:39,0
2025-09-27 14:21:44,0
2025-09-27 14:21:49,0
2025-09-27 14:21:54,0
2025-09-27 14:21:59,0
2025-09-27 14:22:05,0
2025-09-27 14:22:10,0
2025-09-27 14:22:15,0
2025-09-27 14:22:20,0
2025-09-27 14:22:25,0
2025-09-27 14:22:30,0
2025-09-27 14:22:35,0
2025-09-27 14:22:40,0
2025-09-27 14:22:46,0
2025-09-27 14:22:51,0
2025-09-27 14:22:56,0
2025-09-27 14:23:01,0
2025-09-27 14:23:06,0
2025-09-27 14:23:11,0
2025-09-27 14:23:17,0
2025-09-27 14:23:22,0
2025-09-27 14:23:27,0
2025-09-27 14:23:32,0
2025-09-27 14:23:37,0
2025-09-27 14:23:42,0
2025-09-27 14:23:47,0
2025-09-27 14:23:53,0
2025-09-27 14:23:58,0
2025-09-27 14:24:03,0
2025-09-27 14:24:08,0
2025-09-27 14:24:13,0
2025-09-27 14:24:18,0
2025-09-27 14:24:23,0
2025-09-27 14:24:28,0
2025-09-27 14:24:33,0
2025-09-27 14:24:38,0
2025-09-27 14:24:43,0
2025-09-27 14:24:48,0
2025-09-27 14:24:54,0
2025-09-27 14:24:59,0
2025-09-27 14:25:04,0
2025-09-27 14:25:09,0
2025-09-27 14:25:15,0
2025-09-27 14:25:20,0
2025-09-27 14:25:25,0
2025-09-27 14:25:30,0
2025-09-27 14:25:35,0
2025-09-27 14:25:40,0
2025-09-27 14:25:45,0
2025-09-27 14:25:50,0
2025-09-27 14:25:56,0
2025-09-27 14:26:01,0
2025-09-27 14:26:06,0
2025-09-27 14:26:11,0
2025-09-27 14:26:16,0
2025-09-27 14:26:21,0
2025-09-27 14:26:26,0
2025-09-27 14:26:31,0
2025-09-27 14:26:37,0
2025-09-27 14:26:42,0
2025-09-27 14:26:47,0
2025-09-27 14:26:52,0
2025-09-27 14:26:57,0
2025-09-27 14:27:02,0
2025-09-27 14:27:07,0
2025-09-27 14:27:13,0
2025-09-27 14:27:18,0
2025-09-27 14:27:23,0
2025-09-27 14:27:28,0
2025-09-27 14:27:33,0
2025-09-27 14:27:38,0
2025-09-27 14:27:43,0
2025-09-27 14:27:49,0
2025-09-27 14:27:54,0
2025-09-27 14:27:59,0
2025-09-27 14:28:04,0
2025-09-27 14:28:09,0
2025-09-27 14:28:14,0
2025-09-27 14:28:19,0
2025-09-27 14:31:43,0
2025-09-27 14:31:48,0
2025-09-27 14:31:53,0
2025-09-27 15:05:04,0
2025-09-27 15:05:10,0
2025-09-27 15:05:15,0
2025-09-27 15:05:20,0
2025-09-27 15:05:25,0
2025-09-27 15:05:30,0
2025-09-27 15:05:35,0
2025-09-27 15:05:40,0
2025-09-27 15:05:45,0
2025-09-27 15:05:50,0
2025-09-27 15:05:55,0
2025-09-27 15:06:00,0
2025-09-27 15:06:05,0
2025-09-27 15:06:10,0
2025-09-27 15:06:15,1
2025-09-27 15:06:20,1
2025-09-27 15:06:25,1
2025-09-27 15:06:30,0
2025-09-27 15:06:35,0
2025-09-27 15:06:40,0
2025-09-27 15:06:45,0
2025-09-27 15:06:50,0
2025-09-27 15:06:56,0
2025-09-27 15:07:01,0
2025-09-27 15:07:06,0
2025-09-27 15:07:11,0
2025-09-27 15:07:16,0
2025-09-27 15:07:21,1
2025-09-27 15:07:26,1
2025-09-27 15:07:31,1
2025-09-27 15:07:36,1
2025-09-27 15:07:41,3
2025-09-27 15:07:46,1
2025-09-27 15:07:51,1
2025-09-27 15:07:56,0
2025-09-27 15:08:01,2
2025-09-27 15:08:06,3
2025-09-27 15:08:11,2
2025-09-27 15:08:16,2
2025-09-27 15:08:21,2
2025-09-27 15:08:26,3
2025-09-27 15:08:31,3
2025-09-27 15:08:37,3
2025-09-27 15:08:42,3
2025-09-27 15:08:47,1
2025-09-27 15:08:52,1
2025-09-27 15:08:57,2
2025-09-27 15:09:02,0
2025-09-27 15:09:07,1
2025-09-27 15:09:12,1
2025-09-27 15:09:17,1
2025-09-27 15:09:22,2
2025-09-27 15:09:27,0
2025-09-27 15:09:32,0
2025-09-27 15:09:37,0
2025-09-27 15:09:42,0
2025-09-27 15:09:47,0
2025-09-27 15:09:52,0
2025-09-27 15:09:57,0
2025-09-27 15:10:02,0
2025-09-27 15:10:08,1
2025-09-27 15:10:13,1
2025-09-27 15:10:18,0
2025-09-27 15:10:23,2
2025-09-27 15:10:28,0
2025-09-27 15:10:33,1
2025-09-27 15:10:38,0
2025-09-27 15:10:43,1
2025-09-27 15:10:48,3
2025-09-27 15:10:54,5
2025-09-27 15:10:59,5
2025-09-27 15:11:04,1
2025-09-27 15:11:09,1
2025-09-27 15:11:14,2
2025-09-27 15:11:19,0
2025-09-27 15:11:24,1
2025-09-27 15:11:29,0
2025-09-27 15:11:34,0
2025-09-27 15:11:39,0
2025-09-27 15:11:44,0
2025-09-27 15:11:49,1
2025-09-27 15:11:54,1
2025-09-27 15:11:59,0
2025-09-27 15:12:04,0
2025-09-27 15:12:09,0
2025-09-27 15:12:14,0
2025-09-27 15:12:20,0
2025-09-27 15:12:25,0
2025-09-27 15:12:30,0
2025-09-27 15:12:35,0
2025-09-27 15:12:40,0
2025-09-27 15:12:45,0
2025-09-27 15:12:51,0
2025-09-27 15:12:56,1
2025-09-27 15:13:01,1
2025-09-27 15:13:06,0
2025-09-27 15:13:11,1
2025-09-27 15:13:16,0
2025-09-27 15:13:21,0
2025-09-27 15:13:26,0
2025-09-27 15:13:31,0
2025-09-27 15:13:36,0
2025-09-27 15:13:41,1
2025-09-27 15:13:46,1
2025-09-27 15:13:51,0
2025-09-27 15:13:56,0
2025-09-27 15:14:01,0
2025-09-27 15:14:06,0
2025-09-27 15:14:11,0
2025-09-27 15:14:16,0
2025-09-27 15:14:21,0
2025-09-27 15:14:26,0
2025-09-27 15:14:37,1
2025-09-27 15:14:39,0
2025-09-27 15:14:41,0
2025-09-27 15:14:43,0
2025-09-27 15:14:45,0
2025-09-27 15:14:48,0
2025-09-27 15:14:50,0
2025-09-27 15:14:52,0
2025-09-27 15:14:54,0
2025-09-27 15:14:56,0
2025-09-27 15:14:58,0
2025-09-27 15:15:00,0
2025-09-27 15:15:02,0
2025-09-27 15:15:04,0
2025-09-27 15:15:06,0
2025-09-27 15:15:08,0
2025-09-27 15:15:10,0
2025-09-27 15:15:12,0
2025-09-27 15:15:14,0
2025-09-27 15:15:16,0
2025-09-27 15:15:18,0
2025-09-27 15:15:20,0
2025-09-27 15:15:23,0
2025-09-27 15:15:25,0
2025-09-27 15:15:28,0
2025-09-27 15:15:30,0
2025-09-27 15:15:34,0
2025-09-27 15:15:36,0
2025-09-27 15:15:38,0
2025-09-27 15:15:40,0
2025-09-27 15:15:42,0
2025-09-27 15:15:44,0
2025-09-27 15:15:46,0
2025-09-27 15:15:48,0
2025-09-27 15:15:50,0
2025-09-27 15:15:52,0
2025-09-27 15:15:55,0
2025-09-27 15:15:57,0
2025-09-27 15:15:59,0
2025-09-27 15:16:01,0
2025-09-27 15:16:03,0
2025-09-27 15:16:05,0
2025-09-27 15:16:07,0
2025-09-27 15:16:10,0
2025-09-27 15:16:12,0
2025-09-27 15:16:14,0
2025-09-27 15:16:16,1
2025-09-27 15:16:18,1
2025-09-27 15:16:20,1
2025-09-27 15:16:22,1
2025-09-27 15:16:25,1
2025-09-27 15:16:27,0
2025-09-27 15:16:30,0
2025-09-27 15:16:32,0
2025-09-27 15:16:34,0
2025-09-27 15:16:36,1
2025-09-27 15:16:38,0
2025-09-27 15:16:40,0
2025-09-27 15:16:42,0
2025-09-27 15:16:44,0
2025-09-27 15:16:47,1
2025-09-27 15:16:49,0
2025-09-27 15:16:51,0
2025-09-27 15:16:53,1
2025-09-27 15:16:55,1
2025-09-27 15:16:57,1
2025-09-27 15:16:59,1
2025-09-27 15:17:01,1
2025-09-27 15:17:04,1
2025-09-27 15:17:06,0
2025-09-27 15:17:08,0
2025-09-27 15:17:10,0
2025-09-27 15:17:12,0
2025-09-27 15:17:14,0
2025-09-27 15:17:16,0
2025-09-27 15:17:18,1
2025-09-27 15:17:20,1
2025-09-27 15:17:22,0
2025-09-27 15:17:25,0
2025-09-27 15:17:27,0
2025-09-27 15:17:29,0
2025-09-27 15:17:31,0
2025-09-27 15:17:33,1
2025-09-27 15:17:35,0
2025-09-27 15:17:37,0
2025-09-27 15:17:39,0
2025-09-27 15:17:41,0
2025-09-27 15:17:43,0
2025-09-27 15:17:45,0
2025-09-27 15:17:47,0
2025-09-27 15:17:51,0
2025-09-27 15:17:53,0
2025-09-27 15:17:55,0
2025-09-27 15:17:57,1
2025-09-27 15:17:59,0
2025-09-27 15:18:01,0
2025-09-27 15:18:03,0
2025-09-27 15:18:06,0
2025-09-27 15:18:08,0
2025-09-27 15:18:10,1
2025-09-27 15:18:12,0
2025-09-27 15:18:14,0
2025-09-27 15:18:16,0
2025-09-27 15:18:19,0
2025-09-27 15:18:21,0
2025-09-27 15:18:23,0
2025-09-27 15:18:25,0
2025-09-27 15:18:27,0
2025-09-27 15:18:29,0
2025-09-27 15:18:32,0
2025-09-27 15:18:35,0
2025-09-27 15:18:37,0
2025-09-27 15:18:39,0
2025-09-27 15:18:41,0
2025-09-27 15:18:43,0
2025-09-27 15:18:45,0
2025-09-27 15:18:47,0
2025-09-27 15:18:49,0
2025-09-27 15:18:52,0
2025-09-27 15:18:54,0
2025-09-27 15:18:56,0
2025-09-27 15:18:58,0
2025-09-27 15:19:00,0
2025-09-27 15:19:02,0
2025-09-27 15:19:04,1
2025-09-27 15:19:06,1
2025-09-27 15:19:08,0
2025-09-27 15:19:11,0
2025-09-27 15:19:13,0
2025-09-27 15:19:15,0
2025-09-27 15:19:18,0
2025-09-27 15:19:20,0
2025-09-27 15:19:22,0
2025-09-27 15:19:24,0
2025-09-27 15:19:26,0
2025-09-27 15:19:29,0
2025-09-27 15:19:31,0
2025-09-27 15:19:33,0
2025-09-27 15:19:35,0
2025-09-27 15:19:37,1
2025-09-27 15:19:40,2
2025-09-27 15:19:42,2
2025-09-27 15:19:44,1
2025-09-27 15:19:46,2
2025-09-27 15:19:48,2
2025-09-27 15:19:51,2
2025-09-27 15:19:53,2
2025-09-27 15:19:56,2
2025-09-27 15:19:58,2
2025-09-27 15:20:01,2
2025-09-27 15:20:03,2
2025-09-27 15:20:06,2
2025-09-27 15:20:08,1
2025-09-27 15:20:12,2
2025-09-27 15:20:14,1
2025-09-27 15:20:17,3
2025-09-27 15:20:19,3
2025-09-27 15:20:21,3
2025-09-27 15:20:23,2
2025-09-27 15:20:25,2
2025-09-27 15:20:28,2
2025-09-27 15:20:30,0
2025-09-27 15:20:32,1
2025-09-27 15:20:34,0
2025-09-27 15:20:36,0
2025-09-27 15:20:38,0
2025-09-27 15:20:40,1
2025-09-27 15:20:42,1
2025-09-27 15:20:44,1
2025-09-27 15:20:47,0
2025-09-27 15:20:49,2
2025-09-27 15:20:53,1
2025-09-27 15:20:55,2
2025-09-27 15:20:57,2
2025-09-27 15:20:59,2
2025-09-27 15:21:01,1
2025-09-27 15:21:03,1
2025-09-27 15:21:05,2
2025-09-27 15:21:07,2
2025-09-27 15:21:09,1
2025-09-27 15:21:11,0
2025-09-27 15:21:14,3
2025-09-27 15:21:16,2
2025-09-27 15:21:18,3
2025-09-27 15:21:20,2
2025-09-27 15:21:22,2
2025-09-27 15:21:24,1
2025-09-27 15:21:26,1
2025-09-27 15:21:28,1
2025-09-27 15:21:30,1
2025-09-27 15:21:32,1
2025-09-27 15:21:35,2
2025-09-27 15:21:37,2
2025-09-27 15:21:39,1
2025-09-27 15:21:41,1
2025-09-27 15:21:43,1
2025-09-27 15:21:46,2
2025-09-27 15:21:48,2
2025-09-27 15:21:50,1
2025-09-27 15:21:52,1
2025-09-27 15:21:54,1
2025-09-27 15:21:56,1
2025-09-27 15:21:58,1
2025-09-27 15:22:00,0
2025-09-27 15:22:02,0
2025-09-27 15:22:04,2
2025-09-27 15:22:06,1
2025-09-27 15:22:09,1
2025-09-27 15:22:11,0
2025-09-27 15:22:13,0
2025-09-27 15:22:15,2
2025-09-27 15:22:17,1
2025-09-27 15:22:19,1
2025-09-27 15:22:21,0
2025-09-27 15:22:23,0
2025-09-27 15:22:25,0
2025-09-27 15:22:27,0
2025-09-27 15:22:29,0
2025-09-27 15:22:32,0
2025-09-27 15:22:34,1
2025-09-27 15:22:36,1
2025-09-27 15:22:38,0
2025-09-27 15:22:40,1
2025-09-27 15:22:42,0
2025-09-27 15:22:44,1
2025-09-27 15:22:46,0
2025-09-27 15:22:49,1
2025-09-27 15:22:51,1
2025-09-27 15:22:53,1
2025-09-27 15:22:55,0
2025-09-27 15:22:57,1
2025-09-27 15:22:59,1
2025-09-27 15:23:01,1
2025-09-27 15:23:03,1
2025-09-27 15:23:05,2
2025-09-27 15:23:07,3
2025-09-27 15:23:09,2
2025-09-27 15:23:11,2
2025-09-27 15:23:14,1
2025-09-27 15:23:16,1
2025-09-27 15:23:18,0
2025-09-27 15:23:20,0
2025-09-27 15:23:22,1
2025-09-27 15:23:24,1
2025-09-27 15:23:26,1
2025-09-27 15:23:28,1
2025-09-27 15:23:30,1
2025-09-27 15:23:32,1
2025-09-27 15:23:34,1
2025-09-27 15:23:36,2
2025-09-27 15:23:38,2
2025-09-27 15:23:40,0
2025-09-27 15:23:42,0
2025-09-27 15:23:45,1
2025-09-27 15:23:47,0
2025-09-27 15:23:49,1
2025-09-27 15:23:51,2
2025-09-27 15:23:53,2
2025-09-27 15:23:55,2
2025-09-27 15:23:57,1
2025-09-27 15:23:59,2
2025-09-27 15:24:01,2
2025-09-27 15:24:03,2
2025-09-27 15:24:06,1
2025-09-27 15:24:08,2
2025-09-27 15:24:10,1
2025-09-27 15:24:12,2
2025-09-27 15:24:14,3
2025-09-27 15:24:16,2
2025-09-27 15:24:18,2
2025-09-27 15:24:20,3
2025-09-27 15:24:22,2
2025-09-27 15:24:24,3
2025-09-27 15:24:26,3
2025-09-27 15:24:28,1
2025-09-27 15:24:31,1
2025-09-27 15:24:33,2
2025-09-27 15:24:36,2
2025-09-27 15:24:38,2
2025-09-27 15:24:40,1
2025-09-27 15:24:43,1
2025-09-27 15:24:45,3
2025-09-27 15:24:47,1
2025-09-27 15:24:49,3
2025-09-27 15:24:51,3
2025-09-27 15:24:53,3
2025-09-27 15:24:55,2
2025-09-27 15:24:57,0
2025-09-27 15:24:59,3
2025-09-27 15:25:01,1
2025-09-27 15:25:03,1
2025-09-27 15:25:06,4
2025-09-27 15:25:08,3
2025-09-27 15:25:10,3
2025-09-27 15:25:12,3
2025-09-27 15:25:14,2
2025-09-27 15:25:16,3
2025-09-27 15:25:18,3
2025-09-27 15:25:20,4
2025-09-27 15:25:22,3
2025-09-27 15:25:24,4
2025-09-27 15:25:26,2
2025-09-27 15:25:28,3
2025-09-27 15:25:30,3
2025-09-27 15:25:32,3
2025-09-27 15:25:34,2
2025-09-27 15:25:36,3
2025-09-27 15:25:38,2
2025-09-27 15:25:40,2
2025-09-27 15:25:42,1
2025-09-27 15:25:45,2
2025-09-27 15:25:47,3
2025-09-27 15:25:49,3
2025-09-27 15:25:51,2
2025-09-27 15:25:53,1
2025-09-27 15:25:55,0
2025-09-27 15:25:57,0
2025-09-27 15:25:59,0
2025-09-27 15:26:01,0
2025-09-27 15:26:03,0
2025-09-27 15:26:05,2
2025-09-27 15:26:07,1
2025-09-27 15:26:09,1
2025-09-27 15:26:11,1
2025-09-27 15:26:13,0
2025-09-27 15:26:15,1
2025-09-27 15:26:17,0
2025-09-27 15:26:19,0
2025-09-27 15:26:21,0
2025-09-27 15:26:23,1
2025-09-27 15:26:25,2
2025-09-27 15:26:28,2
2025-09-27 15:26:30,2
2025-09-27 15:26:32,2
2025-09-27 15:26:34,1
2025-09-27 15:26:36,0
2025-09-27 15:26:38,0
2025-09-27 15:26:40,0
2025-09-27 15:26:42,1
2025-09-27 15:26:44,1
2025-09-27 15:26:46,1
2025-09-27 15:26:48,0
2025-09-27 15:26:50,0
2025-09-27 15:26:52,0
2025-09-27 15:26:54,0
2025-09-27 15:26:56,1
2025-09-27 15:26:59,0
2025-09-27 15:27:01,1
2025-09-27 15:27:03,1
2025-09-27 15:27:05,1
2025-09-27 15:27:07,0
2025-09-27 15:27:09,0
2025-09-27 15:27:11,0
2025-09-27 15:27:13,1
2025-09-27 15:27:15,0
2025-09-27 15:27:17,1
2025-09-27 15:27:19,1
2025-09-27 15:27:21,1
2025-09-27 15:27:23,1
2025-09-27 15:27:25,1
2025-09-27 15:27:27,1
2025-09-27 15:27:29,1
2025-09-27 15:27:31,0
2025-09-27 15:27:33,0
2025-09-27 15:27:35,0
2025-09-27 15:27:37,0
2025-09-27 15:27:40,0
2025-09-27 15:27:42,0
2025-09-27 15:27:44,0
2025-09-27 15:27:46,0
2025-09-27 15:27:48,0
2025-09-27 15:27:50,0
2025-09-27 15:27:52,0
2025-09-27 15:27:54,0
2025-09-27 15:27:56,0
2025-09-27 15:27:58,0
2025-09-27 15:28:00,0
2025-09-27 15:28:02,0
2025-09-27 15:28:04,0
2025-09-27 15:28:06,0
2025-09-27 15:28:08,0
2025-09-27 15:28:10,0
2025-09-27 15:28:12,0
2025-09-27 15:28:15,0
2025-09-27 15:28:17,2
2025-09-27 15:28:19,2
2025-09-27 15:28:21,2
2025-09-27 15:28:23,2
2025-09-27 15:28:25,2
2025-09-27 15:28:27,2
2025-09-27 15:28:29,2
2025-09-27 15:28:31,2
2025-09-27 15:28:33,2
2025-09-27 15:28:35,2
2025-09-27 15:28:37,0
2025-09-27 15:28:39,0
2025-09-27 15:28:41,1
2025-09-27 15:28:44,1
2025-09-27 15:28:46,0
2025-09-27 15:28:48,0
2025-09-27 15:28:50,0
2025-09-27 15:28:52,1
2025-09-27 15:28:54,0
2025-09-27 15:28:56,0
2025-09-27 15:28:58,0
2025-09-27 15:29:00,0
2025-09-27 15:29:02,2
2025-09-27 15:29:04,1
2025-09-27 15:29:06,1
2025-09-27 15:29:08,1
2025-09-27 15:29:10,1
2025-09-27 15:29:12,1
2025-09-27 15:29:14,1
2025-09-27 15:29:16,0
2025-09-27 15:29:18,0
2025-09-27 15:29:20,2
2025-09-27 15:29:22,0
2025-09-27 15:29:25,0
2025-09-27 15:29:27,1
2025-09-27 15:29:29,0
2025-09-27 15:29:31,2
2025-09-27 15:29:33,1
2025-09-27 15:29:35,0
2025-09-27 15:29:37,1
2025-09-27 15:29:39,1
2025-09-27 15:29:41,1
2025-09-27 15:29:43,1
2025-09-27 15:29:45,1
2025-09-27 15:29:47,1
2025-09-27 15:29:49,1
2025-09-27 15:29:51,0
2025-09-27 15:29:53,1
2025-09-27 15:29:55,1
2025-09-27 15:29:57,0
2025-09-27 15:29:59,0
2025-09-27 15:30:01,1
2025-09-27 15:30:03,0
2025-09-27 15:30:05,1
2025-09-27 15:30:07,0
2025-09-27 15:30:09,0
2025-09-27 15:30:11,0
2025-09-27 15:30:13,0
2025-09-27 15:30:16,0
2025-09-27 15:30:18,1
2025-09-27 15:30:20,1
2025-09-27 15:30:22,0
2025-09-27 15:30:24,1
2025-09-27 15:30:26,0
2025-09-27 15:30:28,0
2025-09-27 15:30:30,1
2025-09-27 15:30:32,1
2025-09-27 15:30:34,1
2025-09-27 15:30:36,1
2025-09-27 15:30:38,1
2025-09-27 15:30:40,0
2025-09-27 15:30:42,1
2025-09-27 15:30:44,1
2025-09-27 15:30:46,1
2025-09-27 15:30:48,1
2025-09-27 15:30:50,0
2025-09-27 15:30:52,1
2025-09-27 15:30:55,1
2025-09-27 15:30:57,0
2025-09-27 15:30:59,0
2025-09-27 15:31:01,0
2025-09-27 15:31:03,0
2025-09-27 15:31:05,1
2025-09-27 15:31:07,0
2025-09-27 15:31:09,1
2025-09-27 15:31:12,0
2025-09-27 15:31:14,1
2025-09-27 15:31:16,0
2025-09-27 15:31:18,0
2025-09-27 15:31:20,0
2025-09-27 15:31:22,1
2025-09-27 15:31:24,0
2025-09-27 15:31:26,1
2025-09-27 15:31:28,1
2025-09-27 15:31:30,0
2025-09-27 15:31:32,0
2025-09-27 15:31:34,1
2025-09-27 15:31:36,1
2025-09-27 15:31:38,1
2025-09-27 15:31:40,1
2025-09-27 15:31:42,0
2025-09-27 15:31:44,0
2025-09-27 15:31:46,0
2025-09-27 15:31:49,0
2025-09-27 15:31:51,0
2025-09-27 15:31:53,0
2025-09-27 15:31:55,0
2025-09-27 15:31:57,0
2025-09-27 15:31:59,0
2025-09-27 15:32:01,0
2025-09-27 15:32:03,0
2025-09-27 15:32:05,0
2025-09-27 15:32:07,0
2025-09-27 15:32:09,0
2025-09-27 15:32:11,0
2025-09-27 15:32:13,1
2025-09-27 15:32:15,0
2025-09-27 15:32:17,0
2025-09-27 15:32:19,0
2025-09-27 15:32:21,0
2025-09-27 15:32:24,0
2025-09-27 15:32:26,0
2025-09-27 15:32:28,0
2025-09-27 15:32:30,0
2025-09-27 15:32:32,0
2025-09-27 15:32:34,0
2025-09-27 15:32:36,0
2025-09-27 15:32:38,0
2025-09-27 15:32:40,0
2025-09-27 15:32:42,0
2025-09-27 15:32:44,0
2025-09-27 15:32:46,0
2025-09-27 15:32:49,0
2025-09-27 15:32:51,0
2025-09-27 15:32:53,0
2025-09-27 15:32:55,0
2025-09-27 15:32:57,0
2025-09-27 15:32:59,0
2025-09-27 15:33:01,0
2025-09-27 15:33:03,0
2025-09-27 15:33:05,0
2025-09-27 15:33:07,0
2025-09-27 15:33:09,0
2025-09-27 15:33:11,0
2025-09-27 15:33:13,0
2025-09-27 15:33:15,0
2025-09-27 15:33:17,0
2025-09-27 15:33:19,0
2025-09-27 15:33:22,0
2025-09-27 15:33:24,0
2025-09-27 15:33:26,0
2025-09-27 15:33:28,0
2025-09-27 15:33:30,0
2025-09-27 15:33:32,0
2025-09-27 15:33:34,0
2025-09-27 15:33:36,0
2025-09-27 15:33:38,0
2025-09-27 15:33:40,0
2025-09-27 15:33:42,0
2025-09-27 15:33:44,0
2025-09-27 15:33:46,0
2025-09-27 15:33:48,0
2025-09-27 15:33:50,0
2025-09-27 15:33:52,0
2025-09-27 15:33:54,0
2025-09-27 15:33:56,0
2025-09-27 15:33:58,0
2025-09-27 15:34:00,0
2025-09-27 15:34:03,0
2025-09-27 15:34:05,0
2025-09-27 15:34:07,0
2025-09-27 15:34:09,0
2025-09-27 15:34:11,0
2025-09-27 15:34:13,0
2025-09-27 15:34:15,0
2025-09-27 15:34:17,0
2025-09-27 15:34:19,0
2025-09-27 15:34:21,0
2025-09-27 15:34:23,0
2025-09-27 15:34:25,0
2025-09-27 15:34:27,0
2025-09-27 15:34:29,0
2025-09-27 15:34:32,0
2025-09-27 15:34:34,0
2025-09-27 15:34:36,0
2025-09-27 15:34:38,0
2025-09-27 15:34:40,0
2025-09-27 15:34:42,0
2025-09-27 15:34:44,0
2025-09-27 15:34:46,0
2025-09-27 15:34:48,0
2025-09-27 15:34:50,0
2025-09-27 15:34:52,0
2025-09-27 15:34:54,0
2025-09-27 15:34:57,0
2025-09-27 15:34:59,0
2025-09-27 15:35:01,0
2025-09-27 15:35:03,0
2025-09-27 15:35:05,0
2025-09-27 15:35:07,0
2025-09-27 15:35:09,0
2025-09-27 15:35:11,0
2025-09-27 15:35:13,0
2025-09-27 15:35:15,0
2025-09-27 15:35:17,0
2025-09-27 15:35:20,0
2025-09-27 15:35:22,0
2025-09-27 15:35:24,0
2025-09-27 15:35:26,0
2025-09-27 15:35:28,0
2025-09-27 15:35:30,0
2025-09-27 15:35:32,0
2025-09-27 15:35:34,0
2025-09-27 15:35:36,0
2025-09-27 15:35:38,0
2025-09-27 15:35:40,0
2025-09-27 15:35:42,0
2025-09-27 15:35:44,0
2025-09-27 15:35:46,0
2025-09-27 15:35:48,0
2025-09-27 15:35:51,0
2025-09-27 15:35:53,0
2025-09-27 15:35:59,0
2025-09-27 15:36:01,0
2025-09-27 15:36:03,0
2025-09-27 15:36:05,0
2025-09-27 15:36:07,0
2025-09-27 15:36:09,0
2025-09-27 15:36:11,0
2025-09-27 15:36:13,0
2025-09-27 15:36:15,0
2025-09-27 15:36:17,0
2025-09-27 15:36:19,0
2025-09-27 15:36:22,0
2025-09-27 15:36:24,0
2025-09-27 15:36:26,0
2025-09-27 15:36:28,0
2025-09-27 15:36:30,0
2025-09-27 15:36:32,0
2025-09-27 15:36:34,0
2025-09-27 15:36:37,0
2025-09-27 15:36:39,0
2025-09-27 15:36:41,0
2025-09-27 15:36:43,0
2025-09-27 15:36:45,0
2025-09-27 15:36:48,0
2025-09-27 15:36:50,0
2025-09-27 15:36:53,0
2025-09-27 15:36:55,0
2025-09-27 15:36:57,0
2025-09-27 15:36:59,0
2025-09-27 15:37:01,0
2025-09-27 15:37:03,0
2025-09-27 15:37:05,0
2025-09-27 15:37:07,0
2025-09-27 15:37:09,0
2025-09-27 15:37:11,0
2025-09-27 15:37:13,0
2025-09-27 15:37:16,0
2025-09-27 15:37:18,0
2025-09-27 15:37:20,0
2025-09-27 15:37:22,0
2025-09-27 15:37:24,0
2025-09-27 15:37:26,0
2025-09-27 15:37:28,0
2025-09-27 15:37:30,0
2025-09-27 15:37:32,0
2025-09-27 15:37:34,0
2025-09-27 15:37:36,0
2025-09-27 15:37:38,0
2025-09-27 15:37:40,0
2025-09-27 15:37:42,0
2025-09-27 15:37:44,0
2025-09-27 15:37:46,0
2025-09-27 15:37:48,0
2025-09-27 15:37:50,0
2025-09-27 15:37:52,0
2025-09-27 15:37:55,0
2025-09-27 15:37:57,0
2025-09-27 15:37:59,0
2025-09-27 15:38:01,0
2025-09-27 15:38:03,0
2025-09-27 15:38:05,0
2025-09-27 15:38:07,0
2025-09-27 15:38:09,0
2025-09-27 15:38:11,0
2025-09-27 15:38:13,0
2025-09-27 15:38:15,0
2025-09-27 15:38:18,0
2025-09-27 15:38:21,0
2025-09-27 15:38:23,0
2025-09-27 15:38:25,0
2025-09-27 15:38:27,0
2025-09-27 15:38:29,0
2025-09-27 15:38:31,0
2025-09-27 15:38:33,0
2025-09-27 15:38:35,0
2025-09-27 15:38:37,0
2025-09-27 15:38:40,0
2025-09-27 15:38:42,0
2025-09-27 15:38:44,0
2025-09-27 15:38:46,0
2025-09-27 15:38:48,0
2025-09-27 15:38:50,0
2025-09-27 15:38:52,0
2025-09-27 15:38:54,0
2025-09-27 15:38:56,0
2025-09-27 15:38:58,0
2025-09-27 15:39:01,0
2025-09-27 15:39:03,0
2025-09-27 15:39:05,0
2025-09-27 15:39:07,0
2025-09-27 15:39:09,0
2025-09-27 15:39:11,0
2025-09-27 15:39:13,0
2025-09-27 15:39:15,0
2025-09-27 15:39:17,0
2025-09-27 15:39:19,0
2025-09-27 15:39:21,0
2025-09-27 15:39:23,0
2025-09-27 15:39:25,0
2025-09-27 15:39:27,0
2025-09-27 15:39:29,0
2025-09-27 15:39:31,0
2025-09-27 15:39:33,0
2025-09-27 15:39:36,0
2025-09-27 15:39:38,0
2025-09-27 15:39:40,0
2025-09-27 15:39:42,0
2025-09-27 15:39:44,0
2025-09-27 15:39:46,0
2025-09-27 15:39:48,0
2025-09-27 15:39:50,0
2025-09-27 15:39:52,0
2025-09-27 15:39:54,0
2025-09-27 15:39:56,0
2025-09-27 15:39:58,0
2025-09-27 15:40:00,0
2025-09-27 15:40:02,0
2025-09-27 15:40:04,0
2025-09-27 15:40:07,0
2025-09-27 15:40:09,0
2025-09-27 15:40:11,0
2025-09-27 15:40:13,0
2025-09-27 15:40:15,0
2025-09-27 15:40:17,0
2025-09-27 15:40:19,0
2025-09-27 15:40:21,0
2025-09-27 15:40:23,0
2025-09-27 15:40:25,0
2025-09-27 15:40:27,0
2025-09-27 15:40:29,0
2025-09-27 15:40:31,0
2025-09-27 15:40:34,0
2025-09-27 15:40:36,0
2025-09-27 15:40:38,0
2025-09-27 15:40:40,0
2025-09-27 15:40:42,0
2025-09-27 15:40:44,0
2025-09-27 15:40:46,0
2025-09-27 15:40:48,0
2025-09-27 15:40:50,0
2025-09-27 15:40:52,0
2025-09-27 15:40:54,0
2025-09-27 15:40:56,0
2025-09-27 15:40:59,0
2025-09-27 15:41:01,0
2025-09-27 15:41:03,0
2025-09-27 15:41:05,0
2025-09-27 15:41:08,0
2025-09-27 15:41:10,0
2025-09-27 15:41:12,0
2025-09-27 15:41:14,0
2025-09-27 15:41:16,0
2025-09-27 15:41:18,0
2025-09-27 15:41:20,0
2025-09-27 15:41:22,0
2025-09-27 15:41:24,0
2025-09-27 15:41:26,0
2025-09-27 15:41:28,0
2025-09-27 15:41:30,0
2025-09-27 15:41:32,0
2025-09-27 15:41:34,0
2025-09-27 15:41:37,0
2025-09-27 15:41:39,0
2025-09-27 15:41:41,0
2025-09-27 15:41:43,0
2025-09-27 15:41:45,0
2025-09-27 15:41:47,0
2025-09-27 15:41:49,0
2025-09-27 15:41:51,0
2025-09-27 15:41:53,0
2025-09-27 15:41:55,0
2025-09-27 15:41:57,0
2025-09-27 15:41:59,0
2025-09-27 15:42:01,0
2025-09-27 15:42:03,0
2025-09-27 15:42:06,0
2025-09-27 15:42:08,0
2025-09-27 15:42:10,0
2025-09-27 15:42:12,0
2025-09-27 15:42:14,0
2025-09-27 15:42:16,0
2025-09-27 15:42:18,0
2025-09-27 15:42:20,0
2025-09-27 15:42:22,0
2025-09-27 15:42:24,0
2025-09-27 15:42:26,0
2025-09-27 15:42:28,0
2025-09-27 15:42:30,0
2025-09-27 15:42:33,0
2025-09-27 15:42:35,0
2025-09-27 15:42:37,0
2025-09-27 15:42:39,0
2025-09-27 15:42:41,0
2025-09-27 15:42:43,0
2025-09-27 15:42:45,0
2025-09-27 15:42:47,0
2025-09-27 15:42:49,0
2025-09-27 15:42:51,0
2025-09-27 15:42:53,0
2025-09-27 15:42:55,0
2025-09-27 15:42:57,0
2025-09-27 15:42:59,0
2025-09-27 15:43:02,0
2025-09-27 15:43:04,0
2025-09-27 15:43:06,0
2025-09-27 15:43:08,0
2025-09-27 15:43:10,0
2025-09-27 15:43:12,0
2025-09-27 15:43:14,0
2025-09-27 15:43:16,0
2025-09-27 15:43:18,0
2025-09-27 15:43:20,0
2025-09-27 15:43:22,0
2025-09-27 15:43:24,0
2025-09-27 15:43:26,0
2025-09-27 15:43:28,0
2025-09-27 15:43:30,0
2025-09-27 15:43:33,0
2025-09-27 15:43:35,0
2025-09-27 15:43:37,0
2025-09-27 15:43:39,0
2025-09-27 15:43:41,0
2025-09-27 15:43:43,0
2025-09-27 15:43:46,0
2025-09-27 15:43:48,0
2025-09-27 15:43:50,0
2025-09-27 15:43:52,0
2025-09-27 15:43:54,0
2025-09-27 15:43:56,0
2025-09-27 15:43:58,0
2025-09-27 15:44:00,0
2025-09-27 15:44:02,0
2025-09-27 15:44:04,0
2025-09-27 15:44:06,0
2025-09-27 15:44:08,0
2025-09-27 15:44:10,0
2025-09-27 15:44:12,0
2025-09-27 15:44:15,0
2025-09-27 15:44:17,0
2025-09-27 15:44:19,0
2025-09-27 15:44:21,0
2025-09-27 15:44:23,0
2025-09-27 15:44:25,0
2025-09-27 15:44:27,0
2025-09-27 15:44:29,0
2025-09-27 15:44:31,0
2025-09-27 15:44:33,0
2025-09-27 15:44:35,0
2025-09-27 15:44:37,0
2025-09-27 15:44:40,0
2025-09-27 15:44:42,0
2025-09-27 15:44:44,0
2025-09-27 15:44:46,0
2025-09-27 15:44:48,0
2025-09-27 15:44:50,0
2025-09-27 15:44:52,0
2025-09-27 15:44:54,0
2025-09-27 15:44:56,0
2025-09-27 15:44:59,0
2025-09-27 15:45:01,0
2025-09-27 15:45:03,0
2025-09-27 15:45:05,0
2025-09-27 15:45:07,0
2025-09-27 15:45:09,0
2025-09-27 15:45:11,0
2025-09-27 15:45:13,0
2025-09-27 15:45:15,0
2025-09-27 15:45:17,0
2025-09-27 15:45:20,0
2025-09-27 15:45:22,0
2025-09-27 15:45:24,0
2025-09-27 15:45:26,0
2025-09-27 15:45:28,0
2025-09-27 15:45:30,0
2025-09-27 15:45:32,0
2025-09-27 15:45:34,0
2025-09-27 15:45:36,0
2025-09-27 15:45:39,0
2025-09-27 15:45:41,0
2025-09-27 15:45:43,0
2025-09-27 15:45:45,0
2025-09-27 15:45:47,0
2025-09-27 15:45:49,0
2025-09-27 15:45:52,0
2025-09-27 15:45:54,0
2025-09-27 15:45:56,0
2025-09-27 15:45:58,0
2025-09-27 15:46:00,0
2025-09-27 15:46:02,0
2025-09-27 15:46:04,0
2025-09-27 15:46:07,0
2025-09-27 15:46:09,0
2025-09-27 15:46:11,0
2025-09-27 15:46:13,0
2025-09-27 15:46:15,0
2025-09-27 15:46:17,0
2025-09-27 15:46:19,0
2025-09-27 15:46:21,0
2025-09-27 15:46:23,0
2025-09-27 15:46:25,0
2025-09-27 15:46:27,0
2025-09-27 15:46:29,0
2025-09-27 15:46:31,0
2025-09-27 15:46:33,0
2025-09-27 15:46:35,0
2025-09-27 15:46:37,0
2025-09-27 15:46:39,0
2025-09-27 15:46:41,0
2025-09-27 15:46:43,0
2025-09-27 15:46:45,0
2025-09-27 15:46:48,0
2025-09-27 15:46:50,0
2025-09-27 15:46:52,0
2025-09-27 15:46:54,0
2025-09-27 15:46:56,0
2025-09-27 15:46:58,0
2025-09-27 15:47:00,0
2025-09-27 15:47:02,0
2025-09-27 15:47:04,0
2025-09-27 15:47:06,0
2025-09-27 15:47:08,0
2025-09-27 15:47:10,0
2025-09-27 15:47:12,0
2025-09-27 15:47:14,0
2025-09-27 15:47:16,0
2025-09-27 15:47:18,0
2025-09-27 15:47:20,0
2025-09-27 15:47:22,0
2025-09-27 15:47:25,0
2025-09-27 15:47:27,0
2025-09-27 15:47:29,0
2025-09-27 15:47:31,0
2025-09-27 15:47:33,0
2025-09-27 15:47:35,0
2025-09-27 15:47:37,0
2025-09-27 15:47:39,0
2025-09-27 15:47:41,0
2025-09-27 15:47:43,0
2025-09-27 15:47:45,0
2025-09-27 15:47:47,0
2025-09-27 15:47:50,0
2025-09-27 15:47:52,0
2025-09-27 15:47:54,0
2025-09-27 15:47:56,0
2025-09-27 15:47:58,0
2025-09-27 15:48:00,0
2025-09-27 15:48:02,0
2025-09-27 15:48:04,0
2025-09-27 15:48:06,0
2025-09-27 15:48:08,0
2025-09-27 15:48:10,0
2025-09-27 15:48:12,0
2025-09-27 15:48:14,0
2025-09-27 15:48:17,0
2025-09-27 15:48:19,0
2025-09-27 15:48:21,0
2025-09-27 15:48:23,0
2025-09-27 15:48:25,0
2025-09-27 15:48:27,0
2025-09-27 15:48:29,0
2025-09-27 15:48:31,0
2025-09-27 15:48:33,0
2025-09-27 15:48:35,0
2025-09-27 15:48:37,0
2025-09-27 15:48:39,0
2025-09-27 15:48:41,0
2025-09-27 15:48:43,0
2025-09-27 15:48:46,0
2025-09-27 15:48:48,0
2025-09-27 15:48:50,0
2025-09-27 15:48:52,0
2025-09-27 15:48:54,1
2025-09-27 15:48:56,0
2025-09-27 15:48:58,0
2025-09-27 15:49:00,0
2025-09-27 15:49:02,0
2025-09-27 15:49:04,0
2025-09-27 15:49:06,0
2025-09-27 15:49:08,0
2025-09-27 15:49:10,0
2025-09-27 15:49:12,0
2025-09-27 15:49:14,0
2025-09-27 15:49:17,0
2025-09-27 15:49:19,0
2025-09-27 15:49:21,0
2025-09-27 15:49:23,0
2025-09-27 15:49:25,0
2025-09-27 15:49:27,0
2025-09-27 15:49:29,0
2025-09-27 15:49:31,0
2025-09-27 15:49:33,0
2025-09-27 15:49:35,0
2025-09-27 15:49:37,0
2025-09-27 15:49:39,0
2025-09-27 15:49:41,0
2025-09-27 15:49:43,0
2025-09-27 15:49:46,0
2025-09-27 15:49:48,0
2025-09-27 15:49:50,0
2025-09-27 15:49:52,0
2025-09-27 15:49:54,0
2025-09-27 15:49:56,0
2025-09-27 15:49:58,0
2025-09-27 15:50:00,0
2025-09-27 15:50:02,0
2025-09-27 15:50:04,0
2025-09-27 15:50:06,0
2025-09-27 15:50:08,0
2025-09-27 15:50:10,0
2025-09-27 15:50:12,0
2025-09-27 15:50:15,0
2025-09-27 15:50:17,0
2025-09-27 15:50:19,0
2025-09-27 15:50:21,0
2025-09-27 15:50:23,0
2025-09-27 15:50:25,0
2025-09-27 15:50:27,0
2025-09-27 15:50:29,0
2025-09-27 15:50:31,0
2025-09-27 15:50:33,0
2025-09-27 15:50:35,0
2025-09-27 15:50:37,0
2025-09-27 15:50:39,0
2025-09-27 15:50:41,0
2025-09-27 15:50:44,0
2025-09-27 15:50:46,0
2025-09-27 15:50:48,0
2025-09-27 15:50:50,0
2025-09-27 15:50:52,1
2025-09-27 15:50:54,0
2025-09-27 15:50:56,1
2025-09-27 15:50:58,0
2025-09-27 15:51:00,0
2025-09-27 15:51:02,0
2025-09-27 15:51:04,0
2025-09-27 15:51:06,0
2025-09-27 15:51:08,0
2025-09-27 15:51:10,0
2025-09-27 15:51:12,0
2025-09-27 15:51:14,0
2025-09-27 15:51:17,0
2025-09-27 15:51:19,0
2025-09-27 15:51:21,0
2025-09-27 15:51:23,0
2025-09-27 15:51:25,1
2025-09-27 15:51:27,0
2025-09-27 15:51:29,1
2025-09-27 15:51:31,0
2025-09-27 15:51:33,0
2025-09-27 15:51:35,0
2025-09-27 15:51:37,0
2025-09-27 15:51:39,0
2025-09-27 15:51:41,0
2025-09-27 15:51:43,0
2025-09-27 15:51:45,0
2025-09-27 15:51:48,0
2025-09-27 15:51:50,0
2025-09-27 15:51:52,0
2025-09-27 15:51:54,0
2025-09-27 15:51:56,0
2025-09-27 15:51:58,0
2025-09-27 15:52:00,0
2025-09-27 15:52:02,0
2025-09-27 15:52:04,0
2025-09-27 15:52:06,0
2025-09-27 15:52:08,0
2025-09-27 15:52:10,0
2025-09-27 15:52:12,0
2025-09-27 15:52:15,0
2025-09-27 15:52:17,0
2025-09-27 15:52:19,0
2025-09-27 15:52:21,0
2025-09-27 15:52:23,0
2025-09-27 15:52:25,0
2025-09-27 15:52:27,0
2025-09-27 15:52:29,0
2025-09-27 15:52:31,0
2025-09-27 15:52:33,0
2025-09-27 15:52:35,0
2025-09-27 15:52:37,0
2025-09-27 15:52:39,0
2025-09-27 15:52:42,0
2025-09-27 15:52:44,0
2025-09-27 15:52:46,0
2025-09-27 15:52:48,0
2025-09-27 15:52:50,0
2025-09-27 15:52:52,0
2025-09-27 15:52:54,0
2025-09-27 15:52:56,0
2025-09-27 15:52:58,0
2025-09-27 15:53:00,0
2025-09-27 15:53:02,0
2025-09-27 15:53:04,0
2025-09-27 15:53:06,0
2025-09-27 15:53:08,0
2025-09-27 15:53:10,0
2025-09-27 15:53:12,0
2025-09-27 15:53:14,0
2025-09-27 15:53:16,0
2025-09-27 15:53:19,0
2025-09-27 15:53:21,0
2025-09-27 15:53:23,0
2025-09-27 15:53:25,0
2025-09-27 15:53:27,0
2025-09-27 15:53:29,0
2025-09-27 15:53:31,0
2025-09-27 15:53:33,0
2025-09-27 15:53:35,0
2025-09-27 15:53:37,0
2025-09-27 15:53:39,0
2025-09-27 15:53:41,0
2025-09-27 15:53:43,0
2025-09-27 15:53:45,0
2025-09-27 15:53:47,0
2025-09-27 15:53:49,0
2025-09-27 15:53:51,0
2025-09-27 15:53:53,0
2025-09-27 15:53:57,0
2025-09-27 15:53:59,0
2025-09-27 15:54:01,0
2025-09-27 15:54:03,0
2025-09-27 15:54:05,0
2025-09-27 15:54:07,0
2025-09-27 15:54:09,0
2025-09-27 15:54:11,0
2025-09-27 15:54:13,0
2025-09-27 15:54:15,0
2025-09-27 15:54:17,0
2025-09-27 15:54:19,0
2025-09-27 15:54:21,0
2025-09-27 15:54:23,0
2025-09-27 15:54:25,0
2025-09-27 15:54:27,0
2025-09-27 15:54:30,0
2025-09-27 15:54:32,0
2025-09-27 15:54:34,0
2025-09-27 15:54:36,0
2025-09-27 15:54:38,0
2025-09-27 15:54:40,0
2025-09-27 15:54:42,0
2025-09-27 15:54:44,0
2025-09-27 15:54:46,0
2025-09-27 15:54:48,0
2025-09-27 15:54:50,0
2025-09-27 15:54:52,0
2025-09-27 15:54:54,0
2025-09-27 15:54:56,0
2025-09-27 15:54:58,0
2025-09-27 15:55:00,0
2025-09-27 15:55:02,0
2025-09-27 15:55:05,0
2025-09-27 15:55:07,0
2025-09-27 15:55:09,0
2025-09-27 15:55:11,0
2025-09-27 15:55:13,0
2025-09-27 15:55:15,0
2025-09-27 15:55:17,0
2025-09-27 15:55:19,0
2025-09-27 15:55:21,0
2025-09-27 15:55:23,0
2025-09-27 15:55:25,0
2025-09-27 15:55:27,0
2025-09-27 15:55:29,0
2025-09-27 15:55:31,0
2025-09-27 15:55:33,0
2025-09-27 15:55:35,0
2025-09-27 15:55:37,0
2025-09-27 15:55:39,0
2025-09-27 15:55:42,0
2025-09-27 15:55:44,0
2025-09-27 15:55:46,0
2025-09-27 15:55:48,0
2025-09-27 15:55:50,0
2025-09-27 15:55:52,0
2025-09-27 15:55:54,0
2025-09-27 15:55:56,0
2025-09-27 15:55:58,0
2025-09-27 15:56:00,0
2025-09-27 15:56:02,0
2025-09-27 15:56:04,0
2025-09-27 15:56:06,0
2025-09-27 15:56:08,0
2025-09-27 15:56:10,0
2025-09-27 15:56:12,0
2025-09-27 15:56:14,0
2025-09-27 15:56:16,0
2025-09-27 15:56:18,0
2025-09-27 15:56:20,0
2025-09-27 15:56:22,0
2025-09-27 15:56:24,0
2025-09-27 15:56:26,0
2025-09-27 15:56:28,0
2025-09-27 15:56:31,0
2025-09-27 15:56:33,0
2025-09-27 15:56:35,0
2025-09-27 15:56:37,0
2025-09-27 15:56:39,0
2025-09-27 15:56:41,0
2025-09-27 15:56:43,0
2025-09-27 15:56:45,0
2025-09-27 15:56:47,0
2025-09-27 15:56:49,0
2025-09-27 15:56:51,0
2025-09-27 15:56:53,0
2025-09-27 15:56:55,0
2025-09-27 15:56:57,0
2025-09-27 15:56:59,0
2025-09-27 15:57:01,0
2025-09-27 15:57:03,0
2025-09-27 15:57:05,0
2025-09-27 15:57:07,0
2025-09-27 15:57:09,0
2025-09-27 15:57:11,0
2025-09-27 15:57:14,0
2025-09-27 15:57:16,0
2025-09-27 15:57:18,0
2025-09-27 15:57:20,0
2025-09-27 15:57:22,0
2025-09-27 15:57:24,0
2025-09-27 15:57:26,0
2025-09-27 15:57:28,0
2025-09-27 15:57:30,0
2025-09-27 15:57:32,0
2025-09-27 15:57:34,0
2025-09-27 15:57:36,0
2025-09-27 15:57:38,0
2025-09-27 15:57:40,0
2025-09-27 15:57:42,0
2025-09-27 15:57:44,0
2025-09-27 15:57:46,0
2025-09-27 15:57:48,0
2025-09-27 15:57:50,0
2025-09-27 15:57:52,0
2025-09-27 15:57:54,0
2025-09-27 15:57:56,0
2025-09-27 15:57:58,0
2025-09-27 15:58:01,0
2025-09-27 15:58:03,0
2025-09-27 15:58:05,0
2025-09-27 15:58:07,0
2025-09-27 15:58:09,0
2025-09-27 15:58:11,0
2025-09-27 15:58:13,0
2025-09-27 15:58:16,0
2025-09-27 15:58:18,1
2025-09-27 15:58:20,0
2025-09-27 15:58:22,0
2025-09-27 15:58:24,0
2025-09-27 15:58:26,0
2025-09-27 15:58:28,0
2025-09-27 15:58:31,0
2025-09-27 15:58:33,0
2025-09-27 15:58:36,0
2025-09-27 15:58:38,0
2025-09-27 15:58:40,0
2025-09-27 15:58:42,0
2025-09-27 15:58:44,0
2025-09-27 15:58:46,0
2025-09-27 15:58:48,0
2025-09-27 15:58:50,0
2025-09-27 15:58:52,0
2025-09-27 15:58:54,0
2025-09-27 15:58:57,0
2025-09-27 15:58:59,0
2025-09-27 15:59:01,0
2025-09-27 15:59:03,0
2025-09-27 15:59:05,0
2025-09-27 15:59:07,0
2025-09-27 15:59:09,0
2025-09-27 15:59:11,0
2025-09-27 15:59:13,0
2025-09-27 15:59:15,0
2025-09-27 15:59:17,0
2025-09-27 15:59:19,0
2025-09-27 15:59:26,0
2025-09-27 15:59:29,0
2025-09-27 15:59:31,0
2025-09-27 15:59:33,0
2025-09-27 15:59:35,0
2025-09-27 15:59:37,0
2025-09-27 15:59:39,0
2025-09-27 15:59:41,0
2025-09-27 15:59:43,0
2025-09-27 15:59:45,0
2025-09-27 15:59:47,0
2025-09-27 15:59:49,0
2025-09-27 15:59:51,0
2025-09-27 15:59:53,0
2025-09-27 15:59:55,0
2025-09-27 15:59:57,0
2025-09-27 15:59:59,0
2025-09-27 16:00:01,0
2025-09-27 16:00:03,0
2025-09-27 16:00:05,0
2025-09-27 16:00:07,0
2025-09-27 16:00:10,0
2025-09-27 16:00:12,0
2025-09-27 16:00:14,0
2025-09-27 16:00:16,0
2025-09-27 16:00:18,0
2025-09-27 16:00:20,0
2025-09-27 16:00:22,0
2025-09-27 16:00:24,0
2025-09-27 16:00:26,0
2025-09-27 16:00:28,0
2025-09-27 16:00:30,0
2025-09-27 16:00:32,0
2025-09-27 16:00:34,1
2025-09-27 16:00:36,1
2025-09-27 16:00:38,2
2025-09-27 16:00:40,2
2025-09-27 16:00:42,2
2025-09-27 16:00:44,2
2025-09-27 16:00:46,2
2025-09-27 16:00:48,2
2025-09-27 16:00:50,2
2025-09-27 16:00:53,2
2025-09-27 16:00:55,2
2025-09-27 16:00:57,2
2025-09-27 16:00:59,2
2025-09-27 16:01:01,2
2025-09-27 16:01:03,2
2025-09-27 16:01:05,2
2025-09-27 16:01:07,2
2025-09-27 16:01:09,2
2025-09-27 16:01:11,3
2025-09-27 16:01:13,3
2025-09-27 16:01:15,3
2025-09-27 16:01:17,3
2025-09-27 16:01:19,3
2025-09-27 16:01:21,3
2025-09-27 16:01:23,4
2025-09-27 16:01:25,3
2025-09-27 16:01:27,3
2025-09-27 16:01:30,3
2025-09-27 16:01:32,2
2025-09-27 16:01:34,3
2025-09-27 16:01:36,2
2025-09-27 16:01:38,3
2025-09-27 16:01:40,2
2025-09-27 16:01:42,4
2025-09-27 16:01:44,4
2025-09-27 16:01:46,3
2025-09-27 16:01:48,3
2025-09-27 16:01:50,3
2025-09-27 16:01:52,4
2025-09-27 16:01:54,3
2025-09-27 16:01:56,2
2025-09-27 16:01:58,2
2025-09-27 16:02:00,2
2025-09-27 16:02:02,1
2025-09-27 16:02:04,3
2025-09-27 16:02:06,0
2025-09-27 16:02:08,0
2025-09-27 16:02:10,0
2025-09-27 16:02:12,0
2025-09-27 16:02:14,0
2025-09-27 16:02:16,0
2025-09-27 16:02:19,0
2025-09-27 16:02:21,0
2025-09-27 16:02:23,0
2025-09-27 16:02:25,0
2025-09-27 16:02:27,0
2025-09-27 16:02:30,0
2025-09-27 16:02:32,0
2025-09-27 16:02:34,0
2025-09-27 16:02:36,0
2025-09-27 16:02:38,0
2025-09-27 16:02:40,0
2025-09-27 16:02:42,0
2025-09-27 16:02:44,0
2025-09-27 16:02:46,0
2025-09-27 16:02:48,0
2025-09-27 16:02:50,0
2025-09-27 16:02:52,0
2025-09-27 16:02:55,0
2025-09-27 16:02:57,0
2025-09-27 16:02:59,0
2025-09-27 16:03:01,0
2025-09-27 16:03:05,0
2025-09-27 16:03:07,0
2025-09-27 16:03:09,0
2025-09-27 16:03:11,0
2025-09-27 16:03:13,0
2025-09-27 16:03:16,0
2025-09-27 16:03:18,0
2025-09-27 16:03:20,0
2025-09-27 16:03:22,0
2025-09-27 16:03:24,0
2025-09-27 16:03:26,0
2025-09-27 16:03:28,0
2025-09-27 16:03:30,0
2025-09-27 16:03:32,0
2025-09-27 16:03:34,0
2025-09-27 16:03:36,0
2025-09-27 16:03:38,0
2025-09-27 16:03:40,0
2025-09-27 16:03:42,0
2025-09-27 16:03:44,0
2025-09-27 16:03:46,0
2025-09-27 16:03:48,0
2025-09-27 16:03:50,0
2025-09-27 16:03:52,0
2025-09-27 16:03:55,0
2025-09-27 16:03:57,0
2025-09-27 16:03:59,0
2025-09-27 16:04:01,0
2025-09-27 16:04:03,0
2025-09-27 16:04:05,0
2025-09-27 16:04:07,0
2025-09-27 16:04:09,0
2025-09-27 16:04:11,0
2025-09-27 16:04:13,0
2025-09-27 16:04:15,0
2025-09-27 16:04:17,0
2025-09-27 16:04:19,0
2025-09-27 16:04:21,0
2025-09-27 16:04:23,0
2025-09-27 16:04:25,0
2025-09-27 16:04:27,0
2025-09-27 16:04:29,0
2025-09-27 16:04:31,0
2025-09-27 16:04:33,0
2025-09-27 16:04:35,0
2025-09-27 16:04:38,0
2025-09-27 16:04:40,0
2025-09-27 16:04:42,0
2025-09-27 16:04:44,0
2025-09-27 16:04:46,0
2025-09-27 16:04:48,0
2025-09-27 16:04:50,0
2025-09-27 16:04:52,0
2025-09-27 16:04:54,0
2025-09-27 16:04:57,0
2025-09-27 16:04:59,0
2025-09-27 16:05:01,0
2025-09-27 16:05:03,0
2025-09-27 16:05:05,0
2025-09-27 16:05:07,0
2025-09-27 16:05:09,0
2025-09-27 16:05:11,0
2025-09-27 16:05:13,0
2025-09-27 16:05:16,0
2025-09-27 16:05:18,0
2025-09-27 16:05:21,0
2025-09-27 16:05:23,0
2025-09-27 16:05:25,0
2025-09-27 16:05:27,0
2025-09-27 16:05:29,0
2025-09-27 16:05:31,0
2025-09-27 16:05:33,0
2025-09-27 16:05:35,0
2025-09-27 16:05:37,0
2025-09-27 16:05:39,0
2025-09-27 16:05:41,0
2025-09-27 16:05:43,0
2025-09-27 16:05:45,0
2025-09-27 16:05:47,0
2025-09-27 16:05:50,0
2025-09-27 16:05:52,0
2025-09-27 16:05:54,0
2025-09-27 16:05:57,0
2025-09-27 16:06:00,0
2025-09-27 16:06:02,0
2025-09-27 16:06:04,0
2025-09-27 16:06:06,0
2025-09-27 16:06:08,0
2025-09-27 16:06:10,0
2025-09-27 16:06:12,0
2025-09-27 16:06:14,0
2025-09-27 16:06:16,0
2025-09-27 16:06:18,0
2025-09-27 16:06:20,0
2025-09-27 16:06:22,0
2025-09-27 16:06:24,0
2025-09-27 16:06:26,0
2025-09-27 16:06:28,0
2025-09-27 16:06:30,0
2025-09-27 16:06:32,0
2025-09-27 16:06:34,0
2025-09-27 16:06:36,0
2025-09-27 16:06:39,0
2025-09-27 16:06:41,0
2025-09-27 16:06:43,0
2025-09-27 16:06:45,0
2025-09-27 16:06:47,0
2025-09-27 16:06:49,0
2025-09-27 16:06:51,0
2025-09-27 16:06:53,0
2025-09-27 16:06:55,0
2025-09-27 16:06:57,0
2025-09-27 16:07:00,0
2025-09-27 16:07:02,0
2025-09-27 16:07:04,0
2025-09-27 16:07:06,0
2025-09-27 16:07:08,0
2025-09-27 16:07:11,0
2025-09-27 16:07:13,0
2025-09-27 16:07:15,0
2025-09-27 16:07:17,0
2025-09-27 16:07:19,0
2025-09-27 16:07:21,0
2025-09-27 16:07:24,0
2025-09-27 16:07:26,0
2025-09-27 16:07:28,0
2025-09-27 16:07:30,0
2025-09-27 16:07:32,0
2025-09-27 16:07:34,0
2025-09-27 16:07:36,0
2025-09-27 16:07:38,0
2025-09-27 16:07:40,0
2025-09-27 16:07:42,0
2025-09-27 16:07:44,0
2025-09-27 16:07:46,0
2025-09-27 16:07:48,0
2025-09-27 16:07:50,0
2025-09-27 16:07:52,0
2025-09-27 16:07:54,0
2025-09-27 16:07:57,0
2025-09-27 16:07:59,0
2025-09-27 16:08:01,0
2025-09-27 16:08:03,0
2025-09-27 16:08:05,0
2025-09-27 16:08:07,0
2025-09-27 16:08:09,0
2025-09-27 16:08:11,0
2025-09-27 16:08:13,0
2025-09-27 16:08:15,0
2025-09-27 16:08:17,0
2025-09-27 16:08:19,0
2025-09-27 16:08:21,0
2025-09-27 16:08:23,0
2025-09-27 16:08:25,0
2025-09-27 16:08:27,0
2025-09-27 16:08:30,0
2025-09-27 16:08:32,0
2025-09-27 16:08:34,0
2025-09-27 16:08:36,0
2025-09-27 16:08:38,0
2025-09-27 16:08:40,0
2025-09-27 16:08:42,0
2025-09-27 16:08:44,0
2025-09-27 16:08:46,0
2025-09-27 16:08:48,0
2025-09-27 16:08:50,0
2025-09-27 16:08:52,0
2025-09-27 16:08:54,0
2025-09-27 16:08:57,0
2025-09-27 16:08:59,0
2025-09-27 16:09:01,0
2025-09-27 16:09:03,0
2025-09-27 16:09:05,0
2025-09-27 16:09:07,0
2025-09-27 16:09:09,0
2025-09-27 16:09:11,0
2025-09-27 16:09:13,0
2025-09-27 16:09:15,0
2025-09-27 16:09:17,0
2025-09-27 16:09:19,0
2025-09-27 16:09:21,0
2025-09-27 16:09:23,0
2025-09-27 16:09:25,0
2025-09-27 16:09:27,0
2025-09-27 16:09:29,0
2025-09-27 16:09:31,0
2025-09-27 16:09:33,0
2025-09-27 16:09:36,0
2025-09-27 16:09:38,0
2025-09-27 16:09:40,0
2025-09-27 16:09:42,0
2025-09-27 16:09:44,0
2025-09-27 16:09:46,0
2025-09-27 16:09:48,0
2025-09-27 16:09:50,0
2025-09-27 16:09:52,0
2025-09-27 16:09:54,0
2025-09-27 16:09:56,0
2025-09-27 16:09:58,0
2025-09-27 16:10:00,0
2025-09-27 16:10:02,0
2025-09-27 16:10:04,0
2025-09-27 16:10:06,0
2025-09-27 16:10:09,0
2025-09-27 16:10:11,0
2025-09-27 16:10:13,0
2025-09-27 16:10:15,0
2025-09-27 16:10:17,0
2025-09-27 16:10:19,0
2025-09-27 16:10:21,0
2025-09-27 16:10:23,0
2025-09-27 16:10:25,0
2025-09-27 16:10:27,0
2025-09-27 16:10:29,0
2025-09-27 16:10:31,0
2025-09-27 16:10:33,0
2025-09-27 16:10:35,0
2025-09-27 16:10:37,0
2025-09-27 16:10:39,0
2025-09-27 16:10:41,0
2025-09-27 16:10:43,0
2025-09-27 16:10:45,0
2025-09-27 16:10:47,0
2025-09-27 16:10:49,0
2025-09-27 16:10:51,0
2025-09-27 16:10:54,0
2025-09-27 16:10:56,0
2025-09-27 16:10:58,0
2025-09-27 16:11:00,0
2025-09-27 16:11:02,0
2025-09-27 16:11:04,0
2025-09-27 16:11:06,0
2025-09-27 16:11:08,0
2025-09-27 16:11:10,0
2025-09-27 16:11:12,0
2025-09-27 16:11:14,0
2025-09-27 16:11:16,0
2025-09-27 16:11:18,0
2025-09-27 16:11:20,0
2025-09-27 16:11:22,0
2025-09-27 16:11:24,0
2025-09-27 16:11:26,0
2025-09-27 16:11:28,0
2025-09-27 16:11:30,0
2025-09-27 16:11:32,0
2025-09-27 16:11:35,0
2025-09-27 16:11:37,0
2025-09-27 16:11:39,0
2025-09-27 16:11:41,0
2025-09-27 16:11:43,0
2025-09-27 16:11:45,0
2025-09-27 16:11:47,0
2025-09-27 16:11:49,0
2025-09-27 16:11:51,0
2025-09-27 16:11:53,0
2025-09-27 16:11:55,0
2025-09-27 16:11:57,0
2025-09-27 16:11:59,0
2025-09-27 16:12:01,0
2025-09-27 16:12:03,0
2025-09-27 16:12:06,0
2025-09-27 16:12:08,0
2025-09-27 16:12:10,0
2025-09-27 16:12:12,0
2025-09-27 16:12:14,0
2025-09-27 16:12:16,0
2025-09-27 16:12:18,0
2025-09-27 16:12:20,0
2025-09-27 16:12:22,0
2025-09-27 16:12:24,0
2025-09-27 16:12:26,0
2025-09-27 16:12:28,0
2025-09-27 16:12:30,0
2025-09-27 16:12:32,0
2025-09-27 16:12:34,0
2025-09-27 16:12:36,0
2025-09-27 16:12:38,0
2025-09-27 16:12:40,0
2025-09-27 16:12:42,0
2025-09-27 16:12:45,0
2025-09-27 16:12:47,0
2025-09-27 16:12:49,0
2025-09-27 16:12:51,0
2025-09-27 16:12:53,0
2025-09-27 16:12:55,0
2025-09-27 16:12:57,0
2025-09-27 16:12:59,0
2025-09-27 16:13:01,0
2025-09-27 16:13:03,0
2025-09-27 16:13:05,0
2025-09-27 16:13:07,0
2025-09-27 16:13:09,0
2025-09-27 16:13:11,0
2025-09-27 16:13:13,0
2025-09-27 16:13:15,0
2025-09-27 16:13:17,0
2025-09-27 16:13:19,0
2025-09-27 16:13:21,0
2025-09-27 16:13:23,0
2025-09-27 16:13:25,0
2025-09-27 16:13:27,0
2025-09-27 16:13:29,0
2025-09-27 16:13:32,0
2025-09-27 16:13:34,0
2025-09-27 16:13:36,0
2025-09-27 16:13:38,0
2025-09-27 16:13:40,0
2025-09-27 16:13:42,0
2025-09-27 16:13:44,0
2025-09-27 16:13:46,0
2025-09-27 16:13:48,0
2025-09-27 16:13:50,0
2025-09-27 16:13:52,0
2025-09-27 16:13:54,0
2025-09-27 16:13:56,0
2025-09-27 16:13:58,1
2025-09-27 16:14:00,2
2025-09-27 16:14:02,2
2025-09-27 16:14:04,2
2025-09-27 16:14:06,2
2025-09-27 16:14:09,2
2025-09-27 16:14:11,1
2025-09-27 16:14:13,1
2025-09-27 16:14:15,2
2025-09-27 16:14:17,4
2025-09-27 16:14:19,6
2025-09-27 16:14:21,6
2025-09-27 16:14:23,5
2025-09-27 16:14:25,4
2025-09-27 16:14:27,3
2025-09-27 16:14:29,3
2025-09-27 16:14:31,3
2025-09-27 16:14:33,4
2025-09-27 16:14:35,6
2025-09-27 16:14:37,8
2025-09-27 16:14:39,6
2025-09-27 16:14:41,5
2025-09-27 16:14:44,5
2025-09-27 16:14:46,5
2025-09-27 16:14:48,6
2025-09-27 16:14:50,5
2025-09-27 16:14:52,5
2025-09-27 16:14:54,4
2025-09-27 16:14:56,5
2025-09-27 16:14:58,5
2025-09-27 16:15:00,5
2025-09-27 16:15:02,5
2025-09-27 16:15:04,5
2025-09-27 16:15:06,5
2025-09-27 16:15:08,6
2025-09-27 16:15:10,7
2025-09-27 16:15:12,7
2025-09-27 16:15:14,6
2025-09-27 16:15:16,7
2025-09-27 16:15:18,5
2025-09-27 16:15:20,4
2025-09-27 16:15:22,5
2025-09-27 16:15:24,4
2025-09-27 16:15:26,7
2025-09-27 16:15:28,5
2025-09-27 16:15:31,5
2025-09-27 16:15:33,5
2025-09-27 16:15:35,5
2025-09-27 16:15:37,4
2025-09-27 16:15:39,6
2025-09-27 16:15:41,5
2025-09-27 16:15:43,4
2025-09-27 16:15:45,4
2025-09-27 16:15:47,4
2025-09-27 16:15:49,5
2025-09-27 16:15:51,5
2025-09-27 16:15:53,6
2025-09-27 16:15:55,6
2025-09-27 16:15:57,5
2025-09-27 16:15:59,5
2025-09-27 16:16:01,5
2025-09-27 16:16:03,4
2025-09-27 16:16:05,4
2025-09-27 16:16:07,4
2025-09-27 16:16:10,4
2025-09-27 16:16:12,4
2025-09-27 16:16:14,4
2025-09-27 16:16:16,2
2025-09-27 16:16:18,6
2025-09-27 16:16:20,6
2025-09-27 16:16:22,6
2025-09-27 16:16:24,7
2025-09-27 16:16:26,7
2025-09-27 16:16:28,6
2025-09-27 16:16:30,6
2025-09-27 16:16:32,8
2025-09-27 16:16:34,7
2025-09-27 16:16:36,6
2025-09-27 16:16:38,6
2025-09-27 16:16:40,7
2025-09-27 16:16:42,6
2025-09-27 16:16:45,6
2025-09-27 16:16:47,7
2025-09-27 16:16:49,6
2025-09-27 16:16:51,5
2025-09-27 16:16:53,6
2025-09-27 16:16:55,5
2025-09-27 16:16:57,6
2025-09-27 16:16:59,7
2025-09-27 16:17:01,7
2025-09-27 16:17:03,7
2025-09-27 16:17:05,7
2025-09-27 16:17:07,7
2025-09-27 16:17:09,7
2025-09-27 16:17:11,7
2025-09-27 16:17:13,7
2025-09-27 16:17:15,7
2025-09-27 16:17:17,7
2025-09-27 16:17:20,6
2025-09-27 16:17:22,6
2025-09-27 16:17:24,7
2025-09-27 16:17:26,8
2025-09-27 16:17:28,9
2025-09-27 16:17:30,7
2025-09-27 16:17:32,7
2025-09-27 16:17:34,6
2025-09-27 16:17:36,7
2025-09-27 16:17:38,6
2025-09-27 16:17:40,6
2025-09-27 16:17:42,7
2025-09-27 16:17:44,6
2025-09-27 16:17:47,5
2025-09-27 16:17:49,5
2025-09-27 16:17:51,4
2025-09-27 16:17:53,4
2025-09-27 16:17:55,4
2025-09-27 16:17:57,4
2025-09-27 16:17:59,3
2025-09-27 16:18:01,4
2025-09-27 16:18:03,2
2025-09-27 16:18:05,2
2025-09-27 16:18:07,2
2025-09-27 16:18:09,2
2025-09-27 16:18:11,2
2025-09-27 16:18:13,2
2025-09-27 16:18:15,2
2025-09-27 16:18:17,2
2025-09-27 16:18:19,3
2025-09-27 16:18:21,2
2025-09-27 16:18:23,2
2025-09-27 16:18:25,2
2025-09-27 16:18:27,2
2025-09-27 16:18:29,2
2025-09-27 16:18:32,2
2025-09-27 16:18:34,2
2025-09-27 16:18:36,2
2025-09-27 16:18:38,2
2025-09-27 16:18:40,2
2025-09-27 16:18:42,2
2025-09-27 16:18:44,2
2025-09-27 16:18:46,2
2025-09-27 16:18:48,2
2025-09-27 16:18:50,1
2025-09-27 16:18:52,1
2025-09-27 16:18:54,1
2025-09-27 16:18:56,1
2025-09-27 16:18:59,1
2025-09-27 16:19:01,1
2025-09-27 16:19:04,2
2025-09-27 16:19:06,1
2025-09-27 16:19:08,1
2025-09-27 16:19:10,2
2025-09-27 16:19:12,2
2025-09-27 16:19:14,2
2025-09-27 16:19:16,2
2025-09-27 16:19:18,2
2025-09-27 16:19:20,2
2025-09-27 16:19:22,2
2025-09-27 16:19:24,1
2025-09-27 16:19:26,2
2025-09-27 16:19:28,2
2025-09-27 16:19:30,2
2025-09-27 16:19:32,2
2025-09-27 16:19:34,2
2025-09-27 16:19:36,2
2025-09-27 16:19:38,2
2025-09-27 16:19:40,2
2025-09-27 16:19:42,2
2025-09-27 16:19:45,2
2025-09-27 16:19:47,2
2025-09-27 16:19:49,2
2025-09-27 16:19:51,2
2025-09-27 16:19:53,1
2025-09-27 16:19:55,1
2025-09-27 16:19:57,2
2025-09-27 16:19:59,2
2025-09-27 16:20:01,2
2025-09-27 16:20:03,2
2025-09-27 16:20:05,2
2025-09-27 16:20:07,2
2025-09-27 16:20:09,2
2025-09-27 16:20:11,2
2025-09-27 16:20:13,2
2025-09-27 16:20:16,2
2025-09-27 16:20:18,2
2025-09-27 16:20:20,1
2025-09-27 16:20:22,2
2025-09-27 16:20:24,1
2025-09-27 16:20:26,1
2025-09-27 16:20:28,1
2025-09-27 16:20:30,1
2025-09-27 16:20:32,2
2025-09-27 16:20:34,2
2025-09-27 16:20:36,2
2025-09-27 16:20:38,2
2025-09-27 16:20:40,2
2025-09-27 16:20:42,1
2025-09-27 16:20:44,2
2025-09-27 16:20:46,2
2025-09-27 16:20:48,2
2025-09-27 16:20:50,2
2025-09-27 16:20:52,1
2025-09-27 16:20:54,1
2025-09-27 16:20:56,1
2025-09-27 16:20:58,1
2025-09-27 16:21:00,1
2025-09-27 16:21:02,1
2025-09-27 16:21:04,1
2025-09-27 16:21:06,1
2025-09-27 16:21:08,1
2025-09-27 16:21:11,1
2025-09-27 16:21:13,1
2025-09-27 16:21:15,1
2025-09-27 16:21:17,1
2025-09-27 16:21:19,1
2025-09-27 16:21:21,0
2025-09-27 16:21:23,0
2025-09-27 16:21:25,0
2025-09-27 16:21:27,0
2025-09-27 16:21:29,0
2025-09-27 16:21:31,0
2025-09-27 16:21:33,0
2025-09-27 16:21:35,0
2025-09-27 16:21:37,0
2025-09-27 16:21:39,0
2025-09-27 16:21:41,0
2025-09-27 16:21:43,0
2025-09-27 16:21:45,0
2025-09-27 16:26:51,0
2025-09-27 16:26:53,0
2025-09-27 16:26:55,0
2025-09-27 16:26:57,0
2025-09-27 16:26:59,0
2025-09-27 16:27:01,0
2025-09-27 16:27:03,0
2025-09-27 16:27:05,0
2025-09-27 16:27:07,0
2025-09-27 16:27:09,0
2025-09-27 16:27:11,0
2025-09-27 16:27:13,0
